{
  "queries": [
    {
      "query": "list all company starts with john",
      "timestamp": "2026-01-27T14:11:25.204971",
      "helpful": false,
      "results_count": 10
    },
    {
      "query": "list all company starts with \"john\"",
      "timestamp": "2026-01-27T14:12:22.213986",
      "helpful": false,
      "results_count": 10
    },
    {
      "query": "Bottom 5 portfolios and show companies  in pie chart based on their aum_cad_amt",
      "timestamp": "2026-01-28T09:27:54.706821",
      "helpful": false,
      "results_count": 5
    }
  ],
  "good_matches": {},
  "query_row_mapping": {
    "list all company starts with john": {
      "good_rows": [],
      "bad_rows": [],
      "score": -1
    },
    "list all company starts with \"john\"": {
      "good_rows": [],
      "bad_rows": [],
      "score": -1
    },
    "bottom 5 portfolios and show companies  in pie chart based on their aum_cad_amt": {
      "good_rows": [],
      "bad_rows": [],
      "score": -1
    }
  }
}