<?xml version="1.0" encoding="UTF-8"?>
<project version="4">
  <component name="AutoImportSettings">
    <option name="autoReloadType" value="SELECTIVE" />
  </component>
  <component name="ChangeListManager">
    <list default="true" id="91aa4e32-7441-4fc6-988a-c905f4546385" name="Changes" comment="" />
    <option name="SHOW_DIALOG" value="false" />
    <option name="HIGHLIGHT_CONFLICTS" value="true" />
    <option name="HIGHLIGHT_NON_ACTIVE_CHANGELIST" value="false" />
    <option name="LAST_RESOLUTION" value="IGNORE" />
  </component>
  <component name="CopilotPersistence">
    <persistenceIdMap>
      <entry key="_C:/temp/ai" value="38cxRGpuWpSRqTJ5jKqTPLkqh2E" />
    </persistenceIdMap>
  </component>
  <component name="FileTemplateManagerImpl">
    <option name="RECENT_TEMPLATES">
      <list>
        <option value="Python Script" />
      </list>
    </option>
  </component>
  <component name="Git.Settings">
    <option name="RECENT_GIT_ROOT_PATH" value="$PROJECT_DIR$" />
  </component>
  <component name="McpProjectServerCommands">
    <commands />
    <urls />
  </component>
  <component name="ProjectColorInfo">{
  &quot;associatedIndex&quot;: 7
}</component>
  <component name="ProjectId" id="38cxRGpuWpSRqTJ5jKqTPLkqh2E" />
  <component name="ProjectViewState">
    <option name="hideEmptyMiddlePackages" value="true" />
    <option name="showLibraryContents" value="true" />
  </component>
  <component name="PropertiesComponent"><![CDATA[{
  "keyToString": {
    "ModuleVcsDetector.initialDetectionPerformed": "true",
    "RunOnceActivity.MCP Project settings loaded": "true",
    "RunOnceActivity.ShowReadmeOnStart": "true",
    "RunOnceActivity.TerminalTabsStorage.copyFrom.TerminalArrangementManager.252": "true",
    "RunOnceActivity.typescript.service.memoryLimit.init": "true",
    "ai.playground.ignore.import.keys.banner.in.settings": "true",
    "git-widget-placeholder": "main",
    "ignore.virus.scanning.warn.message": "true",
    "node.js.detected.package.eslint": "true",
    "node.js.detected.package.tslint": "true",
    "node.js.selected.package.eslint": "(autodetect)",
    "node.js.selected.package.tslint": "(autodetect)",
    "nodejs_package_manager_path": "npm",
    "settings.editor.selected.configurable": "preferences.pluginManager",
    "vue.rearranger.settings.migration": "true"
  }
}]]></component>
  <component name="SharedIndexes">
    <attachedChunks>
      <set>
        <option value="bundled-js-predefined-d6986cc7102b-9b0f141eb926-JavaScript-PY-253.29346.308" />
        <option value="bundled-python-sdk-ca5e2b39c7df-6e1f45a539f7-com.jetbrains.pycharm.pro.sharedIndexes.bundled-PY-253.29346.308" />
      </set>
    </attachedChunks>
  </component>
  <component name="TaskManager">
    <task active="true" id="Default" summary="Default task">
      <changelist id="91aa4e32-7441-4fc6-988a-c905f4546385" name="Changes" comment="" />
      <created>1769112653097</created>
      <option name="number" value="Default" />
      <option name="presentableId" value="Default" />
      <updated>1769112653097</updated>
      <workItem from="1769112654152" duration="244000" />
      <workItem from="1769112974399" duration="6400000" />
      <workItem from="1769177279358" duration="18768000" />
      <workItem from="1769462350273" duration="7629000" />
      <workItem from="1769540076467" duration="6269000" />
      <workItem from="1769547891200" duration="767000" />
      <workItem from="1769606778418" duration="8257000" />
      <workItem from="1769621315498" duration="2754000" />
      <workItem from="1769635229076" duration="758000" />
      <workItem from="1769793675956" duration="2546000" />
      <workItem from="1769804897113" duration="414000" />
      <workItem from="1769805375520" duration="329000" />
      <workItem from="1769805815249" duration="5534000" />
      <workItem from="1769873925894" duration="7795000" />
    </task>
    <servers />
  </component>
  <component name="TypeScriptGeneratedFilesManager">
    <option name="version" value="3" />
  </component>
  <component name="github-copilot-workspace">
    <instructionFileLocations>
      <option value=".github/instructions" />
    </instructionFileLocations>
    <promptFileLocations>
      <option value=".github/prompts" />
    </promptFileLocations>
  </component>
</project>